,Index,Open Index Value,High Index Value,Low Index Value,Close,Points Change,Change(%),Volume,Turnover (Rs. Cr.),P/E,P/B,Div Yield,TIMESTAMP,rt,rt2,sigma2,sigma3,sigma5,sigma20,sigma60,sigma110
0,Nifty 50,18131.7,18215.15,18086.5,18197.45,92.15,.51,256073979,11793.06,21.9,4.27,1.26,2023-01-02,0.51,0.2601,,,,,,
104,Nifty 50,18163.2,18251.95,18149.8,18232.55,35.1,.19,208699772,13680.91,21.94,4.28,1.26,2023-01-03,0.19,0.0361,3.591991091302984,,,,,
208,Nifty 50,18230.65,18243,18020.6,18042.95,-189.6,-1.04,235162202,16687.71,21.71,4.23,1.27,2023-01-04,-1.04,1.0816000000000001,13.806715757195844,12.990288680395059,,,,
312,Nifty 50,18101.95,18120.3,17892.6,17992.15,-50.8,-.28,269949738,22108.53,21.65,4.22,1.28,2023-01-05,-0.28,0.07840000000000001,8.530978841844586,9.852857453551227,,,,
416,Nifty 50,18008.05,18047.4,17795.55,17859.45,-132.7,-.74,238220578,17495.25,21.49,4.19,1.29,2023-01-06,-0.74,0.5476,5.163487193748036,6.076709635978994,10.145661141591512,,,
520,Nifty 50,17952.55,18141.4,17936.15,18101.2,241.75,1.35,257237669,19916.16,21.78,4.25,1.27,2023-01-09,1.35,1.8225000000000002,23.460191815072612,17.433794767634502,14.874930588073346,,,
624,Nifty 50,18121.3,18127.6,17856,17914.15,-187.05,-1.03,283277918,20570.3,21.56,4.2,1.28,2023-01-10,-1.03,1.0609,26.715433741565946,20.61303471107542,15.845669439944785,,,
728,Nifty 50,17924.25,17976.35,17824.35,17895.7,-18.45,-.1,259853294,20204.33,21.52,4.2,1.28,2023-01-11,-0.1,0.010000000000000002,10.43922410909929,19.040367643509413,14.617051686301176,,,
832,Nifty 50,17920.85,17945.8,17761.65,17858.2,-37.5,-.21,227769060,19762.43,21.47,4.19,1.29,2023-01-12,-0.21,0.04409999999999999,1.2347469376353395,8.066895313563952,14.589268658846475,,,
936,Nifty 50,17867.5,17999.35,17774.25,17956.6,98.4,.55,256700729,21341.7,21.54,4.21,1.28,2023-01-13,0.55,0.30250000000000005,8.530978841844577,6.520153372429216,14.14809669178155,,,
1040,Nifty 50,18033.15,18049.65,17853.65,17894.85,-61.75,-.34,206195816,16728.37,21.34,4.19,1.38,2023-01-16,-0.34,0.11560000000000002,9.990225222686416,7.631330159284165,8.971976370900672,,,
1144,Nifty 50,17922.8,18072.05,17886.95,18053.3,158.45,.89,219055125,17461.09,21.53,4.23,1.37,2023-01-17,0.89,0.7921,13.806715757195839,10.082916244817277,8.472735095587492,,,
1248,Nifty 50,18074.3,18183.75,18032.45,18165.35,112.05,.62,255840928,20500.07,21.67,4.26,1.36,2023-01-18,0.62,0.3844,3.0307424832868697,10.262105047211323,8.631850323076739,,,
1352,Nifty 50,18119.8,18155.2,18063.75,18107.85,-57.5,-.32,237833991,18413.13,21.56,4.24,1.37,2023-01-19,-0.32,0.1024,10.551473830702509,10.082916244817275,9.06724875582445,,,
1456,Nifty 50,18115.6,18145.45,18016.2,18027.65,-80.2,-.44,237225269,19519.96,21.46,4.23,1.36,2023-01-20,-0.44,0.1936,1.3469966592385787,9.214510296266429,9.89607194800038,,,
1560,Nifty 50,18118.45,18162.6,18063.45,18118.55,90.9,.5,202460434,17060.12,21.6,4.25,1.35,2023-01-23,0.5,0.25,10.551473830702509,8.121379193215892,9.424966843443006,,,
1664,Nifty 50,18183.95,18201.25,18078.65,18118.3,-0.25,0,216910302,19705.91,21.49,4.25,1.36,2023-01-24,0.0,0.0,5.6124860801609,7.4660833105450966,7.548658158904801,,,
1768,Nifty 50,18093.35,18100.6,17846.15,17891.95,-226.35,-1.25,257227052,20890.56,21.19,4.19,1.37,2023-01-25,-1.25,1.5625,14.03121520040228,14.309088021254185,10.2032465421551,,,
1872,Nifty 50,17877.2,17884.75,17493.55,17604.35,-287.6,-1.61,476342611,40104.83,20.7,4.13,1.4,2023-01-27,-1.61,2.5921000000000003,4.0409899777158635,13.41403742353509,13.81675070340346,,,
1976,Nifty 50,17541.95,17709.15,17405.55,17648.95,44.6,.25,432434028,38159.88,20.73,4.14,1.39,2023-01-30,0.25,0.0625,20.878448218198592,15.6603448237898,15.011023949084887,12.071275169199248,,
2080,Nifty 50,17731.45,17735.7,17537.55,17662.15,13.2,.07,398338541,35023.7,20.73,4.14,1.39,2023-01-31,0.07,0.004900000000000001,2.020494988857889,16.285109763216212,13.590284765228432,11.863540431884042,,
2184,Nifty 50,17811.6,17972.2,17353.4,17616.3,-45.85,-.26,512870802,38486.19,20.68,4.13,1.4,2023-02-01,-0.26,0.06760000000000001,3.704240812906185,4.105946906622154,13.094304105220713,11.801371775750214,,
2288,Nifty 50,17517.1,17653.9,17445.95,17610.4,-5.9,-.03,490113567,37639.96,20.59,4.13,1.4,2023-02-02,-0.03,0.0009,2.5817435968739963,2.6861868885094387,11.849445556649476,11.349165886345547,,
2392,Nifty 50,17721.75,17870.3,17584.2,17854.05,243.65,1.38,424123037,34503.67,20.86,4.18,1.38,2023-02-03,1.38,1.9043999999999996,15.827210746053765,14.095573773351692,10.172946475824984,12.507385944228906,,
2496,Nifty 50,17818.55,17823.7,17698.35,17764.6,-89.45,-.5,282544790,21864.88,20.71,4.16,1.39,2023-02-06,-0.5,0.25,21.102947661405025,15.531348943346808,11.613046112024183,12.35631728477807,,
2600,Nifty 50,17790.1,17811.15,17652.55,17721.5,-43.1,-.24,354395693,23611.08,20.5,4.15,1.39,2023-02-07,-0.24,0.0576,2.9184927616836527,16.171233719169358,11.921744838738997,11.250851336208905,,
2704,Nifty 50,17750.3,17898.7,17744.15,17871.7,150.2,.85,290994265,23733.4,21.1,4.19,1.42,2023-02-08,0.85,0.7224999999999999,12.23521965475078,11.370329810520012,12.572670360746756,11.17636024925166,,
2808,Nifty 50,17885.5,17916.9,17779.8,17893.45,21.75,.12,260854055,21529.97,21.11,4.19,1.41,2023-02-09,0.12,0.0144,8.194229677034917,8.816189653132474,12.374176336225371,11.180014734949335,,
2912,Nifty 50,17847.55,17876.95,17801,17856.5,-36.95,-.21,231991834,17063.99,21.06,4.18,1.41,2023-02-10,-0.21,0.04409999999999999,3.704240812906178,8.610853616221801,8.281108621434692,11.180014734949335,,
3016,Nifty 50,17859.1,17880.7,17719.75,17770.9,-85.6,-.48,231276483,17406.31,21.05,4.16,1.42,2023-02-13,-0.48,0.2304,3.0307424832868697,4.770283010472227,8.205293413400888,11.107380192324477,,
3120,Nifty 50,17840.35,17954.55,17800.05,17929.85,158.95,.89,244512944,20579.8,21.21,4.2,1.35,2023-02-14,0.89,0.7921,15.378211859640892,11.520052083215598,9.81694249753965,11.53145688517877,,
3224,Nifty 50,17896.6,18034.1,17853.8,18015.85,86.0,.48,229273800,21457.34,21.31,4.22,1.41,2023-02-15,0.48,0.2304,4.602238585731923,11.162311588555484,8.6344774016729,11.204382037493422,,
3328,Nifty 50,18094.75,18134.75,18000.65,18035.85,20.0,.11,230246175,18891.55,21.26,4.23,1.38,2023-02-16,0.11,0.0121,4.153239699319049,6.19377106454542,8.637687190446293,10.968411917866687,,
3432,Nifty 50,17974.85,18034.25,17884.6,17944.2,-91.65,-.51,208053929,16998.33,21.15,4.2,1.4,2023-02-17,-0.51,0.2601,6.959482739399518,7.940957121153596,9.646555862068078,11.054403647415812,,
3536,Nifty 50,17965.55,18004.35,17818.4,17844.6,-99.6,-.56,174563233,14729.07,21.04,4.18,1.41,2023-02-20,-0.56,0.31360000000000005,0.5612486080159441,5.924829111459665,9.960162649274357,11.119433912134006,,
3640,Nifty 50,17905.8,17924.9,17800.3,17826.7,-17.9,-.1,198248205,15593.09,21.01,4.18,1.38,2023-02-21,-0.1,0.010000000000000002,5.163487193748022,4.006544645951162,6.914619295377006,10.928134621964968,,
3744,Nifty 50,17755.35,17772.5,17529.45,17554.3,-272.4,-1.53,204021979,17162.09,20.69,4.11,1.4,2023-02-22,-1.53,2.3409,16.051710189260206,11.588390742462902,10.024472055923942,12.069492336596344,,
3848,Nifty 50,17574.65,17620.05,17455.4,17511.25,-43.05,-.25,240807918,19313.68,20.64,4.1,1.4,2023-02-23,-0.25,0.0625,14.367964365211934,12.475720420079954,8.862042653925785,11.36952588929584,,
3952,Nifty 50,17591.35,17599.75,17421.8,17465.8,-45.45,-.26,209406363,16100.18,20.58,4.09,1.42,2023-02-24,-0.26,0.06760000000000001,0.1122497216029691,11.685837582304483,9.176371832047783,9.919097369800285,,
4056,Nifty 50,17428.6,17451.6,17299,17392.7,-73.1,-.42,246448847,16638.41,20.49,4.07,1.43,2023-02-27,-0.42,0.17639999999999997,1.7959955456514762,1.51433153569485,9.210908749955133,9.94526732196089,,
4160,Nifty 50,17383.25,17440.45,17255.2,17303.95,-88.75,-.51,420881259,32959.77,20.39,4.05,1.44,2023-02-28,-0.51,0.2601,1.0102474944289392,2.0100746254803354,8.48699946977729,10.047615742317333,,
4264,Nifty 50,17360.1,17467.75,17345.25,17450.9,146.95,.85,272881409,19784.53,20.56,4.09,1.43,2023-03-01,0.85,0.7224999999999999,15.265962138037679,12.073325970916216,8.765114945053487,10.574125719738822,,
4368,Nifty 50,17421.5,17445.8,17306,17321.9,-129.0,-.74,310669094,22068.68,20.41,4.06,1.44,2023-03-02,-0.74,0.5476,17.8477057349117,13.641304922917014,9.85281482623113,10.856447659776823,,
4472,Nifty 50,17451.25,17644.75,17427.7,17594.35,272.45,1.57,356169518,24143.96,20.73,4.12,1.41,2023-03-03,1.57,2.4649,25.929685690343412,18.76350713486154,15.991153804525803,11.210855265744609,,
4576,Nifty 50,17680.35,17799.95,17671.95,17711.45,117.1,.67,362801096,26959.41,20.87,4.15,1.41,2023-03-06,0.67,0.4489000000000001,10.102474944289616,18.483408776521717,15.404981012646527,11.386311865337994,,
4680,Nifty 50,17665.75,17766.5,17602.25,17754.4,42.95,.24,267041402,23155.56,20.92,4.16,1.4,2023-03-08,0.24,0.0576,4.826738028938331,10.774024317774678,13.516376733429711,11.387150514597813,,
4784,Nifty 50,17772.05,17772.35,17573.6,17589.6,-164.8,-.93,262352056,21964.17,20.73,4.12,1.41,2023-03-09,-0.93,0.8649000000000001,13.133217427576515,13.144565416931819,16.368226538021766,11.399583233379053,,
4888,Nifty 50,17443.8,17451.5,17324.35,17412.9,-176.7,-1,235927570,19794.73,20.52,4.08,1.43,2023-03-10,-1.0,1.0,0.7857480512221342,11.05797449807151,17.345760288900575,11.826183127637632,,
4992,Nifty 50,17421.9,17529.9,17113.45,17154.3,-435.3,-2.47,254914657,22860.67,20.21,4.02,1.45,2023-03-13,-2.47,6.100900000000001,16.500709075673065,13.804738316969276,19.500913824741655,14.447856333435038,,
5096,Nifty 50,17160.55,17224.65,16987.1,17043.3,-111.0,-.65,290604200,26057.6,20.08,3.99,1.46,2023-03-14,-0.65,0.42250000000000004,20.429449331785708,15.33047944455749,15.510539642449588,14.496659796765526,,
5200,Nifty 50,17166.45,17211.35,16938.9,16972.15,-71.15,-.42,248188970,22659.09,20,3.97,1.47,2023-03-15,-0.42,0.17639999999999997,2.58174359687389,17.828280904226293,12.750402346592839,13.854714303119087,,
5304,Nifty 50,16994.65,17062.45,16850.15,16985.6,13.45,.08,349820607,24198.71,20.01,3.98,1.47,2023-03-16,0.08,0.0064,5.612486080160854,5.924829111459666,15.325026590515273,13.618545134446165,,
5409,Nifty 50,17111.8,17145.8,16958.15,17100.05,114.45,.67,408121255,30478.42,20.15,4,1.46,2023-03-17,0.67,0.4489000000000001,6.62273357458983,8.661431752314398,18.780086261782724,14.004393784207792,,
5514,Nifty 50,17066.6,17066.6,16828.35,16988.4,-111.65,-.65,241777405,21454.09,20.02,3.98,1.47,2023-03-20,-0.65,0.42250000000000004,14.816963251624788,10.49679951223229,9.009814648481958,14.039221638343284,,
5619,Nifty 50,17060.4,17127.7,17016,17107.5,119.1,.7,246737873,22039.11,20.16,4.01,1.46,2023-03-21,0.7,0.48999999999999994,15.153712416434443,12.237793918840113,9.770627410765393,14.460244046859541,,
5724,Nifty 50,17177.45,17207.25,17107.85,17151.9,44.4,.26,185700457,15712,20.21,4.02,1.45,2023-03-22,0.26,0.06760000000000001,4.9389877505415365,10.929611155022855,8.733432314960712,14.568310128494653,,
5829,Nifty 50,17097.4,17205.4,17045.3,17076.9,-75.0,-.44,219171517,19676.97,20.12,4,1.46,2023-03-23,-0.44,0.1936,7.857480512225236,9.126576576131928,9.927217132711466,13.78015277586993,,
5934,Nifty 50,17076.2,17109.45,16917.35,16945.05,-131.85,-.77,228038299,19019.88,19.97,3.97,1.47,2023-03-24,-0.77,0.5929,3.7042408129061166,8.349347279877627,10.05434234547442,13.935431102050625,,
6039,Nifty 50,16984.3,17091,16918.55,16985.7,40.65,.24,218418670,18466.56,20.01,3.98,1.47,2023-03-27,0.24,0.0576,11.337221881925014,8.175499984710411,9.397118707348548,14.024847423881582,,
6144,Nifty 50,17031.75,17061.75,16913.75,16951.7,-34.0,-.2,238840919,20942.5,19.97,3.97,1.47,2023-03-28,-0.2,0.04000000000000001,4.938987750541537,8.03873124317513,7.037260830749423,13.997878786670347,11.930028414304036,
6249,Nifty 50,16977.3,17126.15,16940.6,17080.7,129.0,.76,345911087,27261.74,20.13,4,1.46,2023-03-29,0.76,0.5776,10.775973273908923,7.628577849114477,9.485201104879119,14.3170363369548,11.997599759951987,
6354,Nifty 50,17210.35,17381.6,17204.65,17359.75,279.05,1.63,263889033,24970.98,20.44,4.05,1.44,2023-03-31,1.63,2.6569,9.765725779479956,14.531028869285208,14.579246894130026,15.249174093252254,12.508590458330518,
6459,Nifty 50,17427.95,17428.05,17312.75,17398.05,38.3,.22,230170687,20359.58,20.48,4.06,1.43,2023-04-03,0.22,0.0484,15.827210746053751,11.29323691418896,11.157419056394716,15.071542965749094,12.368189651450098,
6564,Nifty 50,17422.3,17570.55,17402.7,17557.05,159.0,.91,248345193,23911.75,20.67,4.1,1.41,2023-04-05,0.91,0.8281000000000001,7.745230790622015,11.192372402667818,11.073877369738206,14.308195847871685,12.523411012572833,
6669,Nifty 50,17533.85,17638.7,17502.85,17599.15,42.1,0.24,242708337,23543.21,20.72,4.12,1.41,2023-06-04,0.24,0.0576,7.520731347415577,6.234324341899458,9.19173759416575,14.098089008238329,12.45537649887845,
6775,Nifty 50,17634.9,17694.1,17597.95,17624.05,24.9,0.14,254819382,21092.06,20.75,4.13,1.41,2023-10-04,0.14,0.019600000000000003,1.1224972160318631,6.646472748759307,10.160553134549318,14.072523732810906,12.121479520368455,
6881,Nifty 50,17704.8,17748.75,17655.15,17722.3,98.25,0.56,304263454,25841.64,20.86,4.15,1.4,2023-11-04,0.56,0.31360000000000005,4.714488307335092,3.4827575281664496,5.08430526227527,13.877020649450047,12.01498238429484,
6987,Nifty 50,17759.55,17825.75,17717.25,17812.4,90.1,0.51,232816318,22851.93,20.97,4.17,1.39,2023-12-04,0.51,0.2601,0.5612486080154698,3.6419225691933783,4.795835693599187,13.476896722285801,12.065276187950504,
7093,Nifty 50,17807.3,17842.15,17729.65,17828.0,15.6,.09,285764798,26460.2,20.99,4.17,1.4,2023-04-13,0.09,0.0081,4.71448830733509,4.097755483188339,3.4109881266284123,9.591090602604499,12.061009655012514,
7199,Nifty 50,17863,17863,17574.05,17706.85,-121.15,-.68,357401212,35118.57,20.82,4.14,1.41,2023-04-17,-0.68,0.4624000000000001,8.64322856344776,9.580542782118354,7.8851734286571045,9.62663000551895,12.077296686520427,
7305,Nifty 50,17766.6,17766.6,17610.2,17660.15,-46.7,-.26,258856690,23032.99,20.65,4.13,1.41,2023-04-18,-0.26,0.06760000000000001,4.714488307335082,6.120098038430431,8.332680241074899,9.507627796447931,12.06985822729988,
7411,Nifty 50,17653.35,17666.15,17579.85,17618.75,-41.4,-.23,281463379,21562.08,20.6,4.12,1.42,2023-04-19,-0.23,0.0529,0.33674916480849393,3.993945417754228,7.037439875409241,9.622719825605708,11.919970978806667,
7517,Nifty 50,17638.6,17684.45,17584.35,17624.45,5.7,.03,215103396,19457.45,20.61,4.13,1.42,2023-04-20,0.03,0.0009,2.918492761683543,2.5316397848035237,4.837168593299187,9.461708536044243,11.838280624127526,
7623,Nifty 50,17639.75,17663.2,17553.95,17624.05,-0.4,0,230156645,19091.44,20.61,4.13,1.42,2023-04-21,0.0,0.0,0.33674916480852835,2.258052258031254,4.517127405774608,9.00011210456496,11.826999218249512,
7729,Nifty 50,17707.55,17754.5,17612.5,17743.4,119.35,.68,255740393,23142.94,20.74,4.15,1.41,2023-04-24,0.68,0.4624000000000001,7.632981069018793,6.099475387277179,6.014113400992704,8.985215751737018,11.895695333086971,
7835,Nifty 50,17761.55,17807.45,17716.85,17769.25,25.85,.15,297445999,28819.53,20.56,4.16,1.41,2023-04-25,0.15,0.0225,5.949235244970507,5.671296148148155,5.379327095464639,8.981439809553446,11.84924340000417,
7941,Nifty 50,17767.3,17827.75,17711.2,17813.6,44.35,.25,233008677,21295.14,20.59,4.17,1.4,2023-04-26,0.25,0.0625,1.1224972160318565,4.470302003220824,4.361013643638371,8.679600585037848,11.864530589184511,
8047,Nifty 50,17813.1,17931.6,17797.9,17915.05,101.45,.57,241434660,24454.15,20.7,4.19,1.39,2023-04-27,0.57,0.32489999999999997,3.591991091302883,3.482757528166453,4.544381145986768,7.937333305336237,11.657984882706948,
8153,Nifty 50,17950.4,18089.15,17885.3,18065.0,149.95,.84,290263674,27026.12,20.87,4.23,1.38,2023-04-28,0.84,0.7055999999999999,3.0307424832867773,4.688581875151605,4.613723008590784,8.178793953041955,11.29963909728154,
8259,Nifty 50,18124.8,18180.25,18101.75,18147.65,82.65,.46,265216308,23615.47,20.92,4.25,1.38,2023-05-02,0.46,0.2116,4.2654894209222105,3.1039974226793654,4.322124477615145,7.965156555107268,11.325387949354752,
8365,Nifty 50,18113.8,18116.35,18042.4,18089.85,-57.8,-.32,226171254,19079.79,21.33,4.23,1.38,2023-05-03,-0.32,0.1024,8.75547828505098,9.387907115007057,6.914983731000385,8.136847766730506,11.347979301941303,
8471,Nifty 50,18081,18267.45,18066.7,18255.8,165.95,.92,226643581,21889.48,21.85,4.27,1.37,2023-05-04,0.92,0.8464,13.918965478799038,9.95083916059345,7.8201892560218775,6.8784735148677205,11.478104122079055,
8577,Nifty 50,18117.3,18216.95,18055.45,18069.0,-186.8,-1.02,239702311,26152.88,21.62,4.23,1.38,2023-05-05,-1.02,1.0404,21.776445991024325,15.595845600671996,13.166083700174477,8.234409958729339,11.683277575888294,
8683,Nifty 50,18120.6,18286.95,18100.3,18264.4,195.4,1.08,228399379,22687.94,21.77,4.28,1.37,2023-05-08,1.08,1.1664,23.572441536675818,18.557111844249906,14.0117150984453,8.450292863190251,11.55049336388505,
8789,Nifty 50,18303.4,18344.2,18229.65,18265.95,1.55,.01,245368649,23478.06,21.77,4.28,1.37,2023-05-09,0.01,0.0001,12.01072021154433,16.669241134496797,13.897948049982057,8.475434967878446,11.498908879703713,
8895,Nifty 50,18313.6,18326.75,18211.95,18315.1,49.15,.27,220450874,21416.41,21.88,4.29,1.36,2023-05-10,0.27,0.0729,2.91849276168356,8.8589615644273,13.302136670475162,8.478028383012042,11.494851080198137,
9001,Nifty 50,18357.8,18389.7,18270.4,18297.0,-18.1,-.1,248932544,26440.1,21.86,4.28,1.36,2023-05-11,-0.1,0.010000000000000002,4.153239699318992,3.016156494613648,11.980469106007495,8.42520560423804,11.373396836179612,
9107,Nifty 50,18273.75,18342.75,18194.55,18314.8,17.8,.1,241702589,22046.04,21.82,4.29,1.28,2023-05-12,0.1,0.010000000000000002,2.244994432064209,2.9400000000000164,7.485802562183966,8.326032226191465,11.372755893369451,
9213,Nifty 50,18339.3,18458.9,18287.9,18398.85,84.05,.46,216088535,19329.75,21.92,4.31,1.27,2023-05-15,0.46,0.2116,4.040989977715777,4.50493063209636,3.505715333566035,8.398653839502455,11.39661448391211,
9320,Nifty 50,18432.35,18432.35,18264.35,18286.5,-112.35,-.61,219490491,21063.78,21.59,4.28,1.48,2023-05-16,-0.61,0.3721,12.010720211544323,8.642985595267417,6.5149336143970045,8.308937990279844,11.424817455797932,
9427,Nifty 50,18300.45,18309,18115.35,18181.75,-104.75,-.57,229898510,20903.12,21.47,4.26,1.49,2023-05-17,-0.57,0.32489999999999997,0.44899888641200414,9.628644764451538,7.209019350785517,8.586962761866623,11.348877567138452,
9534,Nifty 50,18287.5,18297.2,18104.85,18129.95,-51.8,-.28,272103515,24172.44,21.39,4.24,1.5,2023-05-18,-0.28,0.07840000000000001,3.25524192649321,2.8588808999326916,7.252930442241952,8.617971919193046,11.321051023256917,
9641,Nifty 50,18186.15,18218.1,18060.4,18203.4,73.45,.41,260898407,22105.67,21.48,4.26,1.5,2023-05-19,0.41,0.16809999999999997,7.745230790622012,7.991570559032814,8.269536867322138,8.655610896984676,11.350553469668194,
9748,Nifty 50,18201.1,18335.25,18178.85,18314.4,111.0,.61,262560942,25147.58,21.36,4.29,1.49,2023-05-22,0.61,0.3721,2.2449944320642032,7.412448988020095,8.969026703048666,8.771441518689466,11.367048407195488,
9855,Nifty 50,18362.9,18419.75,18324.2,18348.0,33.6,.18,270354216,28648.15,21.41,4.29,1.49,2023-05-23,0.18,0.0324,4.826738028938308,3.4157868785976913,7.741976491826878,8.582667785472612,11.306735580684881,
9962,Nifty 50,18294.8,18392.6,18262.95,18285.4,-62.6,-.34,232621507,24273.17,21.24,4.28,1.49,2023-05-24,-0.34,0.11560000000000002,5.836985523367282,7.551662068710445,6.637556779418163,8.772337382812783,11.329423504713406,
10069,Nifty 50,18268.9,18338.1,18202.4,18321.15,35.75,.2,235915651,22411.41,21.28,4.29,1.43,2023-05-25,0.2,0.04000000000000001,6.061484966573723,4.860123455222108,5.631983664749039,8.766268665503548,10.857901660752704,
10176,Nifty 50,18368.35,18508.55,18333.15,18499.35,178.2,.97,198668359,19094.08,21.54,4.33,1.34,2023-05-26,0.97,0.9409,8.643228563447764,10.451086067964427,7.841910481508954,9.131749875542669,10.997380335211117,
10283,Nifty 50,18619.15,18641.2,18581.25,18598.65,99.3,.54,265323978,19237.57,21.65,4.35,1.34,2023-05-29,0.54,0.2916,4.82673802893831,6.12558568628341,7.695453203028396,8.89602945139009,11.014662708239017,
10390,Nifty 50,18606.65,18662.45,18575.5,18633.85,35.2,.19,234391323,21660.69,21.7,4.36,1.44,2023-05-30,0.19,0.0361,3.9287402561125475,6.20190293377768,7.685131098426363,8.821954670622956,10.964619077990069,
10497,Nifty 50,18594.2,18603.9,18483.85,18534.4,-99.45,-.53,696495765,70755.08,21.59,4.33,1.36,2023-05-31,-0.53,0.28090000000000004,8.081979955431668,8.660461881447208,8.74583100682834,8.995395137747446,10.969456130392711,
10604,Nifty 50,18579.4,18580.3,18464.55,18487.75,-46.65,-.25,265630759,24056.99,21.53,4.32,1.36,2023-06-01,-0.25,0.0625,3.142992204889993,5.7616664256098735,9.533696030396605,8.571831960432645,10.879859405248128,
10711,Nifty 50,18550.85,18573.7,18478.4,18534.1,46.35,.25,270923679,23171.88,21.58,4.33,1.45,2023-06-02,0.25,0.0625,5.6124860801608465,6.272607113473636,6.7611241668823086,7.5639419547440125,10.748577580312665,
10818,Nifty 50,18612,18640.15,18582.8,18593.85,59.75,.32,256111496,20369.16,21.65,4.35,1.44,2023-06-05,0.32,0.1024,0.7857480512220557,4.934734035386314,5.855950819465614,6.7326739037871635,10.31441379160284,
10925,Nifty 50,18600.8,18622.75,18531.6,18599.0,5.15,.03,220789926,21957.47,21.66,4.35,1.44,2023-06-06,0.03,0.0009,3.2552419264932158,2.4022489463001357,5.627731336871012,6.729836550764056,10.240694742719334,
11032,Nifty 50,18665.6,18738.95,18636,18726.4,127.4,.68,260109671,21482.77,21.81,4.38,1.43,2023-06-07,0.68,0.4624000000000001,7.296231904209137,5.169177884344873,5.4906065238732955,7.024187684820132,10.311804639114062,
11139,Nifty 50,18725.35,18777.9,18615.6,18634.55,-91.85,-.49,286468927,22762.3,21.7,4.36,1.44,2023-06-08,-0.49,0.24009999999999998,13.133217427576511,9.305675687450112,6.843919929397187,7.311580792428569,10.1670853280474,
11246,Nifty 50,18655.9,18676.65,18555.4,18563.4,-71.15,-.38,221760885,20181.42,21.62,4.34,1.45,2023-06-09,-0.38,0.1444,1.2347469376351714,10.256373628139729,7.716219281487534,7.501965847626022,9.962562719110151,
11353,Nifty 50,18595.05,18633.6,18559.75,18601.5,38.1,.21,179463966,15386.04,21.66,4.35,1.44,2023-06-12,0.21,0.04409999999999999,6.622733574589831,5.9756505921949685,7.4938775010004,7.380877996552975,8.411539108242414,
11460,Nifty 50,18631.8,18728.9,18631.8,18716.15,114.65,.62,233167883,22612.62,21.79,4.37,1.43,2023-06-13,0.62,0.3844,4.602238585731876,7.9800000000000075,8.671172931039953,7.195654609773717,8.305922330645279,10.681144319312184
11567,Nifty 50,18744.6,18769.7,18690,18755.9,39.75,.21,261354575,19520.08,21.84,4.38,1.43,2023-06-14,0.21,0.04409999999999999,4.602238585731876,3.7577120698638096,7.323466392358197,6.722935214230216,8.218449501176599,10.659179675728625
11674,Nifty 50,18774.45,18794.1,18669.05,18688.1,-67.8,-.36,263004991,24820.77,21.76,4.37,1.39,2023-06-15,-0.36,0.1296,6.398234131383392,7.812989184684704,6.775086715312209,6.797567134450991,8.287938530463762,10.671486804823461
11781,Nifty 50,18723.3,18864.7,18710.5,18826.0,137.9,.74,272771256,28877.67,21.92,4.4,1.39,2023-06-16,0.74,0.5476,12.347469376353981,8.732903297300398,6.857897637031336,7.058638604388828,8.307500878570986,10.604245718392546
11888,Nifty 50,18873.3,18881.45,18719.15,18755.45,-70.55,-.37,219815214,22699.84,21.84,4.38,1.42,2023-06-19,-0.37,0.1369,12.4597190979572,10.12780331562576,8.330260500128432,7.105439576757177,8.20975409941622,10.611238551004398
11995,Nifty 50,18752.35,18839.7,18660.65,18816.7,61.25,.33,211649257,19687.08,21.91,4.4,1.4,2023-06-20,0.33,0.10890000000000001,7.857480512225238,8.91001683500094,7.557499586503462,7.141815558643618,8.14195643419143,10.554916174286044
12102,Nifty 50,18849.4,18875.9,18794.85,18856.85,40.15,.21,217481345,19102.48,21.96,4.41,1.4,2023-06-21,0.21,0.04409999999999999,1.3469966592383777,5.94252471597722,7.557499586503462,6.926894040811611,8.140008661970159,10.367380156501666
12209,Nifty 50,18853.6,18886.6,18759.5,18771.25,-85.6,-.45,252697871,24990.87,21.85,4.39,1.44,2023-06-22,-0.45,0.2025,7.408481625812364,6.667293303882779,7.92804137224321,7.248910843778702,8.143183881554782,10.266901633775953
12316,Nifty 50,18741.85,18756.4,18647.1,18665.5,-105.75,-.56,210562119,20619.6,21.73,4.36,1.45,2023-06-23,-0.56,0.31360000000000005,1.2347469376351807,6.610990848579366,6.472050679653243,6.905550170543589,8.051586137031258,10.304499681922728
12423,Nifty 50,18682.35,18722.05,18646.7,18691.2,25.7,.14,171271325,17355.14,21.76,4.37,1.45,2023-06-26,0.14,0.019600000000000003,7.857480512225242,5.975650592194972,6.481971922185409,6.66870554787137,8.05014487710457,10.299147795056653
12530,Nifty 50,18748.55,18829.25,18714.25,18817.4,126.2,.68,222464605,21415.89,21.9,4.4,1.44,2023-06-27,0.68,0.4624000000000001,6.061484966573732,9.869468070772616,8.102688442733067,7.043830671326195,8.083072079184262,10.31605024111203
12637,Nifty 50,18908.15,19011.25,18861.35,18972.1,154.7,.82,398782019,37356.94,22.08,4.43,1.43,2023-06-28,0.82,0.6723999999999999,1.571496102444836,5.700105262185963,10.012020775048361,7.194110749334073,8.102478465761923,10.367607614088204
12744,Nifty 50,19076.85,19201.7,19024.6,19189.05,216.95,1.14,247906587,26376.62,22.36,4.5,1.41,2023-06-30,1.14,1.2995999999999999,3.591991091302885,3.743153750515748,10.595327271962862,7.905319528147176,7.783280450829923,10.421399956221792
12851,Nifty 50,19246.5,19345.1,19234.4,19322.55,133.5,.7,226050219,22681.54,22.51,4.53,1.4,2023-07-03,0.7,0.48999999999999994,4.938987750541532,3.6106509108469784,5.734192183734339,8.110468089548148,7.858384165648515,10.432236450755436
12958,Nifty 50,19406.6,19434.15,19300,19389.0,66.45,.34,226916635,26634.06,22.59,4.54,1.38,2023-07-04,0.34,0.11560000000000002,4.0409899777157765,6.360377347296315,4.570094090935108,8.114342856941642,7.717002491746856,10.426024985462957
13065,Nifty 50,19405.95,19421.6,19339.6,19398.5,9.5,.05,224418797,24699.24,22.6,4.55,1.38,2023-07-05,0.05,0.0025000000000000005,3.255241926493237,5.1691778843448715,6.733112207590188,8.108701758637208,7.719254354962675,10.398533493511462
13172,Nifty 50,19385.7,19512.2,19373,19497.3,98.8,.51,268261285,28540.18,22.72,4.57,1.37,2023-07-06,0.51,0.2601,5.16348719374798,3.6923163461437216,6.4788610110111176,8.000578729067032,7.751346826656558,10.399522924837472
13279,Nifty 50,19422.8,19523.6,19303.6,19331.8,-165.5,-.85,237102566,23089.25,22.52,4.53,1.39,2023-07-07,-0.85,0.7224999999999999,15.265962138037663,10.981366035243527,9.650212432894937,8.50143102505008,7.98423393478822,10.490046491611151
13386,Nifty 50,19400.35,19435.85,19327.1,19355.9,24.1,.12,268246132,25991.55,22.55,4.54,1.38,2023-07-10,0.12,0.0144,10.888222995512143,11.117067958774028,8.359854065711914,8.240797930195573,7.948530276681475,10.30006811155079
13493,Nifty 50,19427.1,19515.1,19406.45,19439.4,83.5,.43,251263638,26883.78,22.65,4.56,1.38,2023-07-11,0.43,0.18489999999999998,3.47974136969967,10.600320749864135,8.588680923168589,8.277187737517199,7.969725767776415,9.991402128684484
13600,Nifty 50,19497.45,19507.7,19361.75,19384.3,-55.1,-.28,327941559,40163.14,22.58,4.54,1.38,2023-07-12,-0.28,0.07840000000000001,7.9697302338284555,5.6505220997709715,8.907140955435704,8.32033937819972,7.8335082081694205,10.003151701837522
13707,Nifty 50,19495.2,19567,19385.8,19413.75,29.45,.15,310442517,27244.56,23.81,4.74,1.32,2023-07-13,0.15,0.0225,4.826738028938321,5.6772176283810145,7.880378163514747,8.319956793916145,7.78602744599777,10.003728224116495
13814,Nifty 50,19493.45,19595.35,19433.5,19564.5,150.75,.78,291165841,25484.44,23.96,4.78,1.3,2023-07-14,0.78,0.6084,7.071732461002702,8.4632617825517,6.252823362290034,8.332668303288653,7.844766710729056,10.04596265362517
13921,Nifty 50,19612.15,19731.85,19562.95,19711.45,146.95,.75,268707894,25975.57,24.14,4.82,1.29,2023-07-17,0.75,0.5625,0.3367491648085879,5.641595518999938,7.041019812498758,8.34083373341184,7.925498091602827,10.093922932478018
14028,Nifty 50,19787.5,19819.45,19690.2,19749.25,37.8,.19,286353897,33269.08,24.18,4.83,1.28,2023-07-18,0.19,0.0361,6.285984409780167,5.275338851675803,7.109405038398083,8.036063451060695,7.91570485742303,9.902770982286032
14135,Nifty 50,19802.95,19851.7,19727.45,19833.15,83.9,.42,259660464,26447.9,24.09,4.85,1.27,2023-07-19,0.42,0.17639999999999997,2.5817435968738884,4.468422540449837,4.742999051233306,8.052794023129314,7.865037653319637,9.875005190188771
14242,Nifty 50,19831.7,19991.85,19758.4,19979.15,146.0,.74,274698867,30622.66,24.24,4.88,1.28,2023-07-20,0.74,0.5476,3.591991091302886,4.38492873374245,4.140478233247946,8.223175721542637,7.945448841200582,9.90988054975565
14349,Nifty 50,19800.45,19887.4,19700,19745.0,-234.15,-1.17,312461795,33802.14,23.95,4.82,1.27,2023-07-21,-1.17,1.3688999999999998,21.439696826214668,16.2388792716739,12.596299456586449,9.397062250904176,8.424026655035336,10.028399619702222
14456,Nifty 50,19748.45,19782.75,19658.3,19672.35,-72.65,-.37,265562151,24522.29,23.83,4.81,1.28,2023-07-24,-0.37,0.1369,8.979977728257424,15.22656888468312,11.928823915206397,9.200654267353396,8.45550307216489,10.051709779497351
14563,Nifty 50,19729.35,19729.35,19615.95,19680.6,8.25,.04,369653496,29665.67,23.55,4.81,1.28,2023-07-25,0.04,0.0016,4.60223858573187,9.768950813674932,11.794983679513935,9.225415523376018,8.338170754153682,10.042188883138834
14670,Nifty 50,19733.35,19825.6,19716.7,19778.3,97.7,.5,244747425,23023.86,23.97,4.83,1.27,2023-07-26,0.5,0.25,5.1634871937479625,6.909211242971236,12.015125467509694,9.13831246657948,8.345025190119491,10.025006784745592
14777,Nifty 50,19850.9,19867.55,19603.55,19659.9,-118.4,-.6,334891351,35019.13,23.83,4.8,1.28,2023-07-27,-0.6,0.36,12.347469376353976,8.76985746748487,10.056848412897557,9.352209814854053,8.431046017497033,10.0039458820512
14884,Nifty 50,19659.75,19695.9,19563.1,19646.05,-13.85,-.07,258671382,22995.98,22.91,4.8,1.29,2023-07-28,-0.07,0.004900000000000001,5.949235244970508,8.732903297300396,6.656891166302787,8.665014228433051,8.283175330712377,9.987344799634634
14991,Nifty 50,19666.35,19772.75,19597.6,19753.8,107.75,.55,295053318,23075.38,23.01,4.83,1.28,2023-07-31,0.55,0.30250000000000005,6.959482739399476,9.137154918244526,7.461525313231878,8.54717515661722,7.97584369906184,10.013385390190328
15098,Nifty 50,19784,19795.6,19704.6,19733.55,-20.25,-.1,298048161,24554.71,22.96,4.82,1.28,2023-08-01,-0.1,0.010000000000000002,7.296231904209134,5.824740337560133,7.578809932964415,8.533850676477815,7.752063126153221,9.97707681729382
15205,Nifty 50,19655.4,19678.25,19423.55,19526.55,-207.0,-1.05,290666798,23997.47,22.72,4.73,1.33,2023-08-02,-1.05,1.1025,10.663723552305703,12.773801313626267,9.581814024494532,9.445907885929945,8.118451050392997,10.076781804869672
15312,Nifty 50,19463.75,19537.65,19296.45,19381.65,-144.9,-.74,315688612,29899.38,22.55,4.69,1.35,2023-08-03,-0.74,0.5476,3.4797413696996675,7.690539642963951,9.944970588191808,9.651222556863205,8.297106683780433,10.14882094328116
15419,Nifty 50,19462.8,19538.85,19436.45,19517.0,135.35,.7,280799561,28086.15,22.71,4.72,1.34,2023-08-04,0.7,0.48999999999999994,16.1639599108634,14.824048030143459,12.220999959086821,9.466806108436819,8.377775259881634,9.894379434152965
15526,Nifty 50,19576.85,19620.45,19524.8,19597.3,80.3,.41,216586074,21655.87,22.83,4.74,1.34,2023-08-07,0.41,0.16809999999999997,3.255241926493194,12.090012406941533,11.763535182928647,9.551042268833935,8.400279656361732,9.892416490424202
15633,Nifty 50,19627.2,19634.4,19533.1,19570.85,-26.45,-.13,260294052,25437.47,22.73,4.73,1.31,2023-08-08,-0.13,0.016900000000000002,6.061484966573715,6.6867929532773935,11.75646375403761,9.472958077435049,8.383789018402407,9.883561726101648
15740,Nifty 50,19578.8,19645.5,19467.5,19632.55,61.7,.32,266495074,23201.75,22.81,4.75,1.37,2023-08-09,0.32,0.1024,5.051237472144737,4.592646295982328,8.917602816900967,9.446880186768421,8.260685406782573,9.857515483609008
15847,Nifty 50,19605.55,19623.6,19495.4,19543.1,-89.45,-.46,312193785,29430.34,22.77,4.73,1.36,2023-08-10,-0.46,0.2116,8.755478285050977,6.2154324065184845,7.3086551430478695,9.621475814141254,8.2243997256613,9.85060762383717
15954,Nifty 50,19554.25,19557.75,19412.75,19428.3,-114.8,-.59,235524048,24521.24,22.63,4.7,1.38,2023-08-11,-0.59,0.34809999999999997,1.4592463808415603,7.812989184684702,7.1285201830394005,9.442765651963125,8.31325720904441,9.83963296473674
16061,Nifty 50,19383.95,19465.85,19257.9,19434.55,6.25,.03,243850815,22767.43,22.64,4.7,1.39,2023-08-14,0.03,0.0009,6.959482739399473,5.190260109088957,5.844104721854332,8.985721304849207,8.292568942192581,9.757970686910546
16168,Nifty 50,19369,19482.75,19317.2,19465.0,30.45,.16,226627230,21484.66,22.52,4.68,1.39,2023-08-16,0.16,0.0256,1.4592463808415483,6.362358053426428,6.301399844479009,8.974877040647225,8.227940801349298,9.496085955472816
16275,Nifty 50,19450.55,19461.55,19326.25,19365.25,-99.75,-.51,268663456,26505.65,22.39,4.66,1.39,2023-08-17,-0.51,0.2601,7.520731347415568,5.6401063819754444,5.446830270900692,8.907624882797403,8.321521536231588,9.496033721877737
16382,Nifty 50,19301.75,19373.8,19253.6,19310.15,-55.1,-.28,256142364,25641.41,22.32,4.64,1.36,2023-08-18,-0.28,0.07840000000000001,2.5817435968738613,5.404331596044059,5.204079169267134,8.322686307222023,8.309116822676247,9.507685321191781
16489,Nifty 50,19320.65,19425.95,19296.3,19393.6,83.45,.43,262589133,20738.75,22.42,4.66,1.37,2023-08-21,0.43,0.18489999999999998,7.969730233828444,7.778508854529905,5.854874891916999,7.680893040183331,8.335096290355114,9.399288286012382
16596,Nifty 50,19417.1,19443.5,19381.3,19396.45,2.85,.01,208704354,20226.48,22.13,4.55,1.37,2023-08-22,0.01,0.0001,4.714488307335076,5.6668509773947795,5.842810967334137,7.6140001244245274,8.135354419164772,9.253654025700122
16703,Nifty 50,19439.2,19472.05,19366.6,19444.0,47.55,.25,225214991,20167.16,22.19,4.56,1.37,2023-08-23,0.25,0.0625,2.69399331847708,3.3449663675439534,6.06564093892806,7.689983437118559,8.08700954555085,8.388465475134465
16810,Nifty 50,19535.15,19584.45,19369,19386.7,-57.3,-.29,268256859,24338.24,22.12,4.47,1.37,2023-08-24,-0.29,0.0841,6.061484966573715,4.294927240361605,5.064440739114248,7.436107640567419,8.117879325646738,8.329956847681556
16917,Nifty 50,19297.4,19339.55,19229.7,19265.8,-120.9,-.62,466518217,24998.12,21.98,4.44,1.38,2023-08-25,-0.62,0.3844,3.704240812906093,6.972144576814233,6.670694116806742,7.454331697250362,8.148235100574684,8.365316553137433
17024,Nifty 50,19298.35,19366.85,19249.7,19306.05,40.25,.21,248178769,18237.22,22.03,4.43,1.38,2023-08-28,0.21,0.04409999999999999,9.31672689306707,6.633822427530006,5.813625374927428,7.5346064752475295,8.12642425587298,8.366284924397256
17131,Nifty 50,19374.85,19377.9,19309.1,19342.65,36.6,.19,307388116,22501.12,22.07,4.42,1.38,2023-08-29,0.19,0.0361,0.22449944320456844,7.517100504848937,6.136272484171483,7.234593212293854,8.121808244014533,8.3245915888369
17238,Nifty 50,19433.45,19452.8,19334.75,19347.45,4.8,.02,233004568,19877.49,22.07,4.42,1.38,2023-08-30,0.02,0.0004,1.908245267254492,1.6573472780320235,5.618544295455904,7.247780930812722,8.106121541198233,8.243755899230948
17345,Nifty 50,19375.55,19388.2,19223.65,19253.8,-93.65,-.48,562557215,45699.54,21.97,4.4,1.38,2023-08-31,-0.48,0.2304,5.61248608016084,5.528797337577145,6.163112849851127,6.497284696013598,8.183391945203015,8.245410363350631
17452,Nifty 50,19258.15,19458.55,19255.7,19435.3,181.5,.94,372502191,25962.38,22.17,4.44,1.37,2023-09-01,0.94,0.8835999999999999,15.939460467656964,11.434054399031,8.093352828092945,6.917519862828834,8.284298073842542,8.337798558612658
17559,Nifty 50,19525.05,19545.15,19432.85,19528.8,93.5,.48,396071122,24822.79,22.28,4.46,1.36,2023-09-04,0.48,0.2304,5.163487193747954,11.501443387679661,8.386489134315983,6.668382349407884,8.245657902028691,8.312249413281007
17666,Nifty 50,19564.65,19587.05,19525.75,19574.9,46.1,.24,303958622,24029.89,22.33,4.46,1.36,2023-09-05,0.24,0.0576,2.693993318477073,5.646804406033577,8.378973684169203,6.557657476488632,8.195619975307608,8.200886265903735
17773,Nifty 50,19581.2,19636.45,19491.5,19611.05,36.15,.18,512974083,32500.52,22.37,4.43,1.36,2023-09-06,0.18,0.0324,0.6734983296186501,2.520000000000037,8.189153802438932,6.570967484641086,8.193982082777664,8.199585267894419
17880,Nifty 50,19598.65,19737,19550.05,19727.05,116.0,.59,304929822,23591,22.28,4.41,1.36,2023-09-07,0.59,0.34809999999999997,4.60223858573185,3.515167136851417,4.8353448687761675,6.804826460527455,8.185920757255586,8.212625768799438
17987,Nifty 50,19774.8,19867.15,19728.05,19819.95,92.9,.47,288093693,23530.84,22.39,4.43,1.36,2023-09-08,0.47,0.22089999999999999,1.3469966592382854,3.3462217499741707,2.761890656778437,6.725972674717948,8.219540813600279,8.173647818786577
18094,Nifty 50,19890,20008.15,19865.35,19996.35,176.4,.89,248763130,21924.34,22.59,4.46,1.35,2023-09-11,0.89,0.7921,4.7144883073350705,3.434181125101039,4.543826581197837,6.8460174362063935,8.32330068165798,7.934465275997702
18201,Nifty 50,20110.15,20110.35,19914.65,19993.2,-3.15,-.02,328064239,30110.8,22.58,4.44,1.35,2023-09-12,-0.02,0.0004,10.214724665892817,7.230020746858214,5.631983664749041,6.859492999524541,8.224564611628237,7.936531140163332
18308,Nifty 50,19989.5,20096.9,19944.1,20070.0,76.8,.38,251394599,24332.36,22.67,4.46,1.34,2023-09-13,0.38,0.1444,4.489988864128632,7.240469598030241,5.257075232484316,6.910983477883506,8.184250915682357,7.856001185645107
18415,Nifty 50,20127.95,20167.65,20043.45,20103.1,33.1,.16,275111881,21902.65,22.71,4.47,1.34,2023-09-14,0.16,0.0256,2.469493875270623,3.180188673648179,5.479120367358252,6.451108839816434,8.172538970255147,7.854194584879316
18522,Nifty 50,20156.45,20222.45,20129.7,20192.35,89.25,.44,438185104,42681.35,22.81,4.47,1.33,2023-09-15,0.44,0.1936,3.1429922048899708,2.340256396209652,5.450761414701623,6.262578332318159,8.197912735589409,7.868815803651342
18629,Nifty 50,20155.95,20195.35,20115.7,20133.3,-59.05,-.29,264870758,21135.95,22.74,4.46,1.34,2023-09-18,-0.29,0.0841,8.19422967703488,5.846332183514733,4.751227209890102,6.465894735985264,8.157228654514592,7.865511765259852
18736,Nifty 50,19980.75,20050.65,19878.85,19901.4,-231.9,-1.15,378065882,37351.58,22.48,4.41,1.35,2023-09-20,-1.15,1.3224999999999998,9.653476057876725,12.634286683465755,10.433428966547869,8.01399545532031,8.451056698545688,8.072767361778597
18843,Nifty 50,19840.55,19848.75,19709.95,19742.35,-159.05,-.8,275132260,26711.83,22.3,4.37,1.36,2023-09-21,-0.8,0.6400000000000001,3.9287402561125284,6.86530407192573,10.433428966547872,8.646350736156348,8.65316135039283,8.187609646681908
18950,Nifty 50,19744.85,19798.65,19657.5,19674.25,-68.1,-.34,246410075,24137.57,22.22,4.36,1.37,2023-09-22,-0.34,0.11560000000000002,5.163487193747958,6.448906884116099,9.524307848867561,8.67626872263465,8.609838361442655,8.12919579377595
19057,Nifty 50,19678.2,19734.15,19601.55,19674.55,0.3,0,188398392,20194.48,22.22,4.36,1.37,2023-09-25,0.0,0.0,3.816490534509311,6.3735704279469685,7.235189009279593,8.2884927840699,8.46991917596961,8.11224506738801
19164,Nifty 50,19682.8,19699.35,19637.45,19664.7,-9.85,-.05,204869058,18118.19,22.21,4.35,1.37,2023-09-26,-0.05,0.0025000000000000005,0.5612486080153476,2.9141722666994414,7.879418760289378,8.296393953494423,8.168771270380672,8.099872670670045
19271,Nifty 50,19637.05,19730.7,19554,19716.45,51.75,.26,203559874,19659.17,22.27,4.36,1.36,2023-09-27,0.26,0.06760000000000001,3.479741369699646,2.6420446627565193,6.412593858962233,8.31101285866181,8.066559533770546,8.102638380425017
19378,Nifty 50,19761.8,19766.65,19492.1,19523.55,-192.9,-.98,352810261,30069.78,22.05,4.31,1.38,2023-09-28,-0.98,0.9603999999999999,13.91896547879903,10.244081217952155,7.528601463751428,9.14816564874303,8.303398344521156,8.265820527378127
19485,Nifty 50,19581.2,19726.25,19551.05,19638.3,114.75,.59,243508919,20978.72,22.21,3.45,1.37,2023-09-29,0.59,0.34809999999999997,17.623206291705237,13.140730573297674,9.297502890561535,9.120588450544757,8.387048914339626,8.25220573440231
19592,Nifty 50,19622.4,19623.2,19479.65,19528.75,-109.55,-.56,221719625,21459.58,22.09,3.43,1.38,2023-10-03,-0.56,0.31360000000000005,12.908717984370064,12.902697392405981,9.985431387776902,8.836972391754513,8.407684620510343,8.310866335670092
19699,Nifty 50,19446.3,19457.8,19333.6,19436.1,-92.65,-.47,277148310,26017.47,21.98,3.41,1.38,2023-10-04,-0.47,0.22089999999999999,1.0102474944285247,10.152654825216908,10.169230059350618,8.83091054493428,8.277890421508886,8.34972288923046
19806,Nifty 50,19521.85,19576.95,19487.3,19545.75,109.65,.56,234865323,22019.04,22.11,3.43,1.37,2023-10-05,0.56,0.31360000000000005,11.561721325131444,9.878400680272092,11.249303978469076,9.028160155284885,8.351573971211069,8.348383028027174
19913,Nifty 50,19621.2,19675.75,19589.4,19653.5,107.75,.55,159051277,16096.52,22.23,3.45,1.37,2023-10-06,0.55,0.30250000000000005,0.11224972159985105,9.394615479092279,9.42135659021566,9.22322999707517,8.380450131513205,8.298827038112496
20020,Nifty 50,19539.45,19588.95,19480.5,19512.35,-141.15,-.72,165094800,15499.67,22.07,3.42,1.38,2023-10-09,-0.72,0.5184,14.25571464360869,11.685837582304497,9.999301975638106,9.305281352685231,8.495375491746247,8.365322708659637
20127,Nifty 50,19565.6,19717.8,19565.45,19689.85,177.5,.91,216559447,18735.62,22.27,3.46,1.36,2023-10-10,0.91,0.8281000000000001,18.29670462132455,13.593189471202123,11.352548612536308,9.754154418556869,8.688560568112692,8.440343818222578
20234,Nifty 50,19767,19839.2,19756.95,19811.35,121.5,.62,213729730,19900.99,22.41,3.48,1.36,2023-10-11,0.62,0.3844,3.255241926493207,13.803521289873837,10.070370400337813,9.45825604265506,8.635200408890054,8.383248852191178
20341,Nifty 50,19822.7,19843.3,19772.65,19794.0,-17.35,-.09,217904144,20999.94,22.39,3.47,1.36,2023-10-12,-0.09,0.0081,7.969730233828442,8.167276167731828,10.40634229688799,9.459016750949155,8.503456126875411,8.218666901513384
20448,Nifty 50,19654.55,19805.4,19635.3,19751.05,-42.95,-.22,254955979,24363.02,22.33,3.47,1.36,2023-10-13,-0.22,0.0484,1.4592463808415328,7.177548327945985,10.462131713948171,9.337083281760219,8.507556740622732,8.089189208549252
20555,Nifty 50,19737.25,19781.3,19691.85,19731.75,-19.3,-.1,180964341,14746.01,22.29,3.46,1.36,2023-10-16,-0.1,0.010000000000000002,1.3469966592382887,1.1483901775964993,8.04807803143086,9.294328321474785,8.464940077075244,8.092876675039461
20662,Nifty 50,19843.2,19849.75,19775.65,19811.5,79.75,.4,185846716,16839.87,22.38,3.48,1.35,2023-10-17,0.4,0.16000000000000003,5.612486080160836,5.220114941263284,5.813625374927426,9.264999673360398,8.364846357003291,8.102622816950161
20769,Nifty 50,19820.45,19840.95,19659.95,19671.1,-140.4,-.71,198942937,18581.64,21.87,3.45,1.36,2023-10-18,-0.71,0.5041,12.459719097957189,8.824760619982852,6.284581131626844,9.499816064701347,8.143236332448035,8.18491899873459
20876,Nifty 50,19545.2,19681.8,19512.35,19624.7,-46.4,-.24,230312163,23582.01,21.77,3.44,1.36,2023-10-19,-0.24,0.0576,5.275736915351167,8.844727242826663,6.293596745899769,8.700388194606147,8.122692131161145,8.197960909227627
20983,Nifty 50,19542.15,19593.8,19518.7,19542.65,-82.05,-.42,198341255,17944.31,21.68,3.43,1.38,2023-10-20,-0.42,0.17639999999999997,2.020494988857697,3.7644123047296563,6.54099075064322,8.375724132088044,8.16687696258698,8.207971877100903
21090,Nifty 50,19521.6,19556.85,19257.85,19281.75,-260.9,-1.34,176044288,16212.9,21.36,3.38,1.4,2023-10-23,-1.34,1.7956000000000003,10.326974387496032,9.366408062859529,10.122659729537503,9.509580598422552,8.537608445349422,8.416702452077393
21197,Nifty 50,19286.45,19347.3,19074.15,19122.15,-159.6,-.83,225291741,19818.32,20.92,3.36,1.48,2023-10-25,-0.83,0.6889,5.724735801764044,7.316638572459349,6.717562057770687,9.843757947365209,8.614556049629222,8.469993086522447
21304,Nifty 50,19027.25,19041.7,18837.85,18857.25,-264.9,-1.39,300356469,28939.64,20.63,3.31,1.51,2023-10-26,-1.39,1.9320999999999997,6.285984409780141,4.919390206112937,8.282630017090007,10.78211325834548,9.044814808234289,8.731758032145828
21411,Nifty 50,18928.75,19076.15,18926.65,19047.25,190.0,1.01,205201044,19947.48,20.84,3.34,1.42,2023-10-27,1.01,1.0201,26.93993318477236,19.932044551425225,15.571832262132812,11.518337462270186,9.226188059090001,8.837555506064382
21518,Nifty 50,19053.4,19158.5,18940,19140.9,93.65,.49,180132492,17095.73,20.9,3.36,1.41,2023-10-30,0.49,0.24009999999999998,5.83698552336727,20.042993788354078,17.44044265493282,11.330182885131476,9.294108139122063,8.821599521350752
21625,Nifty 50,19232.95,19233.7,19056.45,19079.6,-61.3,-.32,206049341,19397.36,20.45,3.35,1.41,2023-10-31,-0.32,0.1024,9.092227449860625,10.639868420239047,15.405798908203368,11.054388649810198,9.076376769076818,8.835918674120968
21732,Nifty 50,19064.05,19096.05,18973.7,18989.15,-90.45,-.47,194103279,18452.51,20.4,3.33,1.41,2023-11-01,-0.47,0.22089999999999999,1.683745824047959,8.198072944296118,14.685249742513745,11.013956122741915,9.00369483478678,8.850923390851687
21839,Nifty 50,19120,19175.25,19064.15,19133.25,144.1,.76,245595109,19771.49,20.77,3.36,1.42,2023-11-02,0.76,0.5776,13.806715757195809,10.652492666038311,10.436568401538885,11.3828867395892,9.025371695242704,8.91527700280239
21946,Nifty 50,19241,19276.25,19210.9,19230.6,97.35,.51,189516123,17304.87,20.88,3.37,1.43,2023-11-03,0.51,0.2601,2.8062430400803065,10.32005813937112,8.741507879078984,11.34707381709162,9.048585918177718,8.83124923038303
22053,Nifty 50,19345.85,19423,19309.7,19411.75,181.15,.94,180690631,16296.56,20.96,3.41,1.42,2023-11-06,0.94,0.8835999999999999,4.8267380289382995,3.4280606762425005,10.168734434530185,11.712816057635322,9.26145236990398,8.904390151491281
22160,Nifty 50,19404.05,19423.5,19329.1,19406.7,-5.05,-.03,198660124,18288.06,20.92,3.41,1.42,2023-11-07,-0.03,0.0009,10.888222995512129,7.715620519439777,9.250494040860731,11.450676284325782,9.235522798192436,8.90207387069624
22267,Nifty 50,19449.6,19464.4,19401.5,19443.5,36.8,.19,194967997,17060.45,20.97,3.41,1.42,2023-11-08,0.19,0.0361,2.4694938752706053,8.073140652806694,6.324552158058295,10.944094874935011,9.19875037570736,8.862394834458392
22374,Nifty 50,19457.4,19463.9,19378.35,19395.3,-48.2,-.25,208418472,19087.29,20.91,3.4,1.41,2023-11-09,-0.25,0.0625,4.938987750541503,3.492391730605263,7.417320270825571,10.656970883935664,9.132946486508269,8.862394834458392
22481,Nifty 50,19351.85,19451.3,19329.45,19425.35,30.05,.15,152215785,12916.21,20.95,3.41,1.4,2023-11-10,0.15,0.0225,4.489988864128619,3.862434465463464,7.12409994315071,10.695581625876608,9.13804264543729,8.858338574581479
22588,Nifty 50,19486.75,19494.4,19414.75,19443.55,-82.0,-.42,189275733,13527.22,20.96,3.41,1.4,2023-11-13,-0.42,0.17639999999999997,6.39823413138336,4.645384806450376,4.143216142080938,10.75037590530038,9.171957094816383,8.87584358804838
22695,Nifty 50,19651.4,19693.2,19579.65,19675.45,231.9,1.19,291464988,24957.24,21.05,3.45,1.33,2023-11-15,1.19,1.4161,18.07220517811811,12.959212939063857,9.931658471775998,11.690081625936257,9.43369063426668,9.04564815581498
22802,Nifty 50,19674.7,19875.25,19627,19765.2,89.75,.46,282686669,26041.45,21.13,3.47,1.34,2023-11-16,0.46,0.2116,8.194229677034883,12.797452871567847,10.1451643653516,11.721862973902535,9.45544325341991,9.016187527512724
22909,Nifty 50,19674.75,19806,19667.45,19731.8,-33.4,-.17,236827462,21681.28,21.1,3.46,1.34,2023-11-17,-0.17,0.028900000000000006,7.071732461002682,10.804387997475848,9.92213888231766,11.463930987414848,9.427259267047642,8.985169883286916
23016,Nifty 50,19731.15,19756.45,19670.5,19694.0,-37.8,-.19,173780543,16737.05,21.06,3.46,1.35,2023-11-20,-0.19,0.0361,0.22449944320414164,5.86784457871884,10.402709262495033,11.451935851062121,9.437176233081447,8.968793068612387
23123,Nifty 50,19770.9,19829.1,19754.05,19783.4,89.4,.45,194969012,17947.2,21.14,3.47,1.38,2023-11-21,0.45,0.2025,7.1839821826059005,5.776227142348201,9.013869313452457,11.451683948797996,9.467045267753553,8.985997781554834
23230,Nifty 50,19784,19825.55,19703.85,19811.85,28.45,.14,184497984,17405.48,21.17,3.47,1.38,2023-11-22,0.14,0.019600000000000003,3.4797413696996293,5.080669247254744,5.041749696286,10.231350582246797,9.447673913344033,8.945219303646235
23337,Nifty 50,19828.45,19875.15,19786.75,19802.0,-9.85,-.05,170024085,15906.94,21.16,3.47,1.38,2023-11-23,-0.05,0.0025000000000000005,2.132744710460912,4.006544645951182,4.22333517495356,9.637250099156084,9.352341336509072,8.943013715293441
23444,Nifty 50,19809.6,19832.85,19768.85,19794.7,-7.3,-.04,145895044,14389.29,21.15,3.47,1.38,2023-11-24,-0.04,0.0016,0.11224972159867061,1.6974097914175201,3.9133157296594407,7.790499274588771,9.346716562968762,8.922519397214073
23551,Nifty 50,19844.65,19916.85,19800,19889.7,95.0,.48,229595031,23043.25,21.26,3.49,1.37,2023-11-28,0.48,0.2304,5.836985523367265,4.812359088846144,4.08224937993748,7.286254398378804,9.38624595993196,8.884558913600666
23658,Nifty 50,19976.55,20104.65,19956.3,20096.6,206.9,1.04,236241768,22367.64,21.48,3.52,1.36,2023-11-29,1.04,1.0816000000000001,6.285984409780155,8.574193839656305,7.286381818159126,7.8270847567579995,9.607814457204503,8.987447910834215
23765,Nifty 50,20108.5,20158.7,20015.85,20133.15,36.55,.18,486585349,48877.95,21.52,3.53,1.35,2023-11-30,0.18,0.0324,9.653476057876725,6.929242382829464,7.23153095824113,7.567763557561615,9.545705201639647,8.979869597140672
23872,Nifty 50,20194.1,20291.55,20183.7,20267.9,134.75,.67,265812566,22461.53,21.66,3.55,1.34,2023-12-01,0.67,0.4489000000000001,5.5002363585576095,6.848153035673206,6.6839030513615185,7.215938280165485,9.455791445691197,9.024750088606416
23979,Nifty 50,20601.95,20702.65,20507.75,20686.8,418.9,2.07,381107418,33917.52,22.11,3.63,1.32,2023-12-04,2.07,4.2848999999999995,15.71496102445053,15.57024084592143,11.598932709521147,9.468896895681796,10.281412535678822,9.48821923862781
24086,Nifty 50,20808.9,20864.05,20711.15,20855.1,168.3,.81,421008350,41763.52,22.29,3.66,1.31,2023-12-05,0.81,0.6561000000000001,14.143464922005471,12.240196076860865,11.09320332455867,9.588531966008018,10.383145011940416,9.499456185655365
24193,Nifty 50,20950.75,20961.95,20852.15,20937.7,82.6,.4,359212958,35654.76,22.38,3.67,1.3,2023-12-06,0.4,0.16000000000000003,4.602238585731849,13.81568673646012,11.694783452462879,9.35985424987735,10.400340607199496,9.51028770385918
24300,Nifty 50,20932.4,20941.25,20850.8,20901.15,-36.55,-.17,274985308,24862.43,22.34,3.67,1.3,2023-12-07,-0.17,0.028900000000000006,6.398234131383357,7.812989184684696,13.093149353765106,9.448803433016753,10.364489636433088,9.477385562357442
24407,Nifty 50,20934.1,21006.1,20862.7,20969.4,68.25,.33,292440768,27449.96,22.41,3.68,1.3,2023-12-08,0.33,0.10890000000000001,5.612486080160816,4.934734035386303,13.451432637455376,9.431001956035029,10.34646390097783,9.41922902344791
24514,Nifty 50,20965.3,21026.1,20923.7,20997.1,27.7,.13,212921451,21150.17,22.44,3.68,1.3,2023-12-11,0.13,0.016900000000000002,2.2449944320641344,3.994996871087633,5.728036312734045,9.201897515987481,10.210770385451179,9.281412693370223
24621,Nifty 50,21018.55,21037.9,20867.15,20906.4,-90.7,-.43,244867128,25404.64,22.34,3.67,1.33,2023-12-12,-0.43,0.18489999999999998,6.285984409780132,6.253830825981781,5.533808814912198,9.609603091644685,10.261338846137685,9.264060228103276
24728,Nifty 50,20929.75,20950,20769.5,20926.35,19.95,.1,260269318,25918.44,22.36,3.67,1.32,2023-12-13,0.1,0.010000000000000002,5.949235244970471,5.000679953766284,4.690910359407859,9.231096188541477,10.240903280472873,9.25490279733703
24835,Nifty 50,21110.4,21210.9,21074.45,21182.7,256.35,1.23,334410589,32593.42,22.63,3.71,1.31,2023-12-14,1.23,1.5129,12.684218541163625,13.459673101528136,9.60269962041924,9.27918961978899,10.51550583903825,9.421002772760993
24942,Nifty 50,21287.45,21492.3,21235.3,21456.65,273.95,1.29,508761756,50114.46,22.92,3.76,1.29,2023-12-15,1.29,1.6641000000000001,0.6734983296187127,10.642236607029565,12.069637939888661,9.834682613346649,10.780626550138884,9.576606824195144
25049,Nifty 50,21434.8,21482.8,21365.35,21418.65,-38.0,-.18,249668965,23615.28,22.88,3.76,1.29,2023-12-18,-0.18,0.0324,16.500709075673054,13.206407535738101,12.789278322094638,9.842612618501983,10.766217030718934,9.47874222291335
25156,Nifty 50,21477.65,21505.05,21337.75,21453.1,34.45,.16,249750062,23750.61,22.92,3.76,1.29,2023-12-19,0.16,0.0256,3.816490534509286,12.216497042933382,10.920576907837779,9.63442495484427,10.448537956275455,9.479228249537988
25263,Nifty 50,21543.5,21593,21087.35,21150.15,-302.95,-1.41,363886229,30993.12,22.6,3.71,1.31,2023-12-20,-1.41,1.9880999999999998,17.62320629170523,13.11193349586551,17.722450169206287,11.638341580175496,10.74798547935411,9.732537245464922
25370,Nifty 50,21033.95,21288.35,20976.8,21255.05,104.9,.5,277548079,26001.02,22.71,3.73,1.3,2023-12-21,0.5,0.25,21.439696826214657,16.174090391734552,15.743558682839149,11.627464628379236,10.736295734642137,9.738616096220136
25478,Nifty 50,21295.85,21390.5,21232.45,21349.4,94.35,.44,284708918,27709.29,22.81,3.74,1.3,2023-12-22,0.44,0.1936,0.6734983296187201,17.237064715316237,12.402654554570164,11.53050507863471,10.752795521417848,9.75326601357769
25586,Nifty 50,21365.2,21477.15,21329.45,21441.35,91.95,.43,219467748,20081.33,22.91,3.76,1.29,2023-12-26,0.43,0.18489999999999998,0.11224972159962535,0.6009991680527854,12.89485013484065,11.423641828750528,10.76359438420998,9.709759718696905
25694,Nifty 50,21497.65,21675.75,21495.8,21654.75,213.4,1,256542963,23059.25,23.14,3.8,1.28,2023-12-27,1.0,1.0,6.398234131383385,5.178918806083001,14.704884902643744,11.617308185362218,10.905517123401971,9.756889916910456
25802,Nifty 50,21715,21801.45,21678,21778.7,123.95,.57,393080755,35031,23.27,3.82,1.27,2023-12-28,0.57,0.32489999999999997,4.8267380289383155,4.715379093985995,3.762291854707676,11.407622936117379,10.680039849478124,9.783489786045743
25910,Nifty 50,21737.65,21770.3,21676.9,21731.4,-47.3,-.22,270922276,23697.88,23.17,3.81,1.28,2023-12-29,-0.22,0.0484,8.867728006654193,9.822973073362267,6.947341937748551,11.599475850227014,10.674774573891003,9.780918406301405
